score,title,price,units,unit_price,size,source,style,materials,reason,url,image,first_seen
9.0,LAKE Borðstofuborð 150x90cm olíuborin gegnheil eik,109900,1,109900,150 cm,ILVA,mid-century Scandinavian,oiled oak,"The table features a solid wood with a warm tone, slim top with softly rounded edges, and tapered splayed legs, which aligns closely with the target aesthetic.",https://www.ilva.is/stok-vara/?ProductName=LAKE-Bordstofubord-150x90cm-oliuborin-gegnheil-eik&PathId=5b0acb86-6b83-45af-afce-1190f3c19f81,https://www.ilva.is/library/Images/Products/V000189.jpg?proc=366x366,2026-10-05 21:23 UTC
9.0,Wave borð,224900,1,224900,90/140/180/200/220/240/260/280 cm,Módern,mid-century Scandinavian,veneered wood,"The table has a slim top with softly rounded edges and tapered, slightly splayed wooden legs, fitting well with the desired mid-century Scandinavian style.",https://modern.is/shop/husgogn/bord/bordstofubord/wave-bord/,https://modern.is/wp-content/uploads/2024/12/WAVE_dining_table_C4_oak_001-300x300.png,2026-10-05 21:34 UTC
9.0,Klassi Oval borð,339900,1,339900,180/200/220/240/260/280 cm,Módern,mid-century Scandinavian,oiled oak,"The table has a slim top with softly rounded edges, tapered and slightly splayed legs, and a matte finish, fitting well with the reference aesthetic.",https://modern.is/shop/husgogn/bord/bordstofubord/klassi-oval-bord/,https://modern.is/wp-content/uploads/2026/09/Klassi_Oval_105x200_Pisa_OC4_01-300x300.jpg,2026-10-05 21:34 UTC
8.0,RICHMONT Borðstofuborð með fiskibeinamynstri 160x95cm olíuborinn eikarspónn,92720,1,92720,160 cm,ILVA,Scandinavian mid-century,oiled oak veneer,"Matches the warm wood tone, slim top, softly rounded corners, and tapered legs with a matte finish.",https://www.ilva.is/stok-vara/?ProductName=RICHMONT-Bordstofubord-med-fiskibeinamynstri-160x95cm-oliuborinn-eikarsponn&PathId=5b0acb86-6b83-45af-afce-1190f3c19f81,https://www.ilva.is/library/Images/Products/V013192.jpg?proc=366x366,2026-10-05 21:23 UTC
8.0,RICHMONT Borðstofuborð með fiskibeinamynstri 160x95cm reyklitaður eikarspónn,92720,1,92720,160 cm,ILVA,mid-century Scandinavian,veneered wood,"Warm wood tone, tapered legs, and slim top align well with the target mid-century Scandinavian style.",https://www.ilva.is/stok-vara/?ProductName=RICHMONT-Bordstofubord-med-fiskibeinamynstri-160x95cm-reyklitadur-eikarsponn&PathId=5b0acb86-6b83-45af-afce-1190f3c19f81,https://www.ilva.is/library/Images/Products/V013193.jpg?proc=366x366,2026-10-05 21:23 UTC
8.0,Skovby - borðstofuborð/stækkanlegt  SM 120 - sérpöntun,146499,1,146499,147 cm,Snúran,mid-century Scandinavian,veneered wood,"It features a warm wood tone, a slim top with softly rounded edges, tapered legs, and a matte finish, fitting well with the references.",https://snuran.is/products/skovby-bordstofubord-staekanlegt-120-serpontun,https://cdn.shopify.com/s/files/1/0582/7693/7904/files/120-4-Copy.png?v=1769187455,2026-10-05 21:23 UTC
8.0,Nola borðstofuborð 95×180 oval reykt eik,149990,1,149990,180 cm,Húsgagnahöllin,mid-century Scandinavian,veneered wood,"The table features a warm wood tone, oval shape with softly rounded edges, a wooden pedestal base, and an overall mid-century Scandinavian design.",https://husgagnahollin.is/vara/nola-bordstofubord-95x180-oval-reykt-eik/,https://husgagnahollin.is/wp-content/uploads/2023/09/Nola-bordstofubord-95x180-oval-reykt-eik-48302930.jpg,2026-10-05 21:23 UTC
7.0,LAKE Borðstofuborð 150x90cm gráolíuborinn gegnheil eik,109900,1,109900,150 cm,ILVA,mid-century Scandinavian,oiled oak,"The table features an oiled finish, slim top, softly rounded edges, and tapered wooden legs, fitting the mid-century Scandinavian style, though the color is darker than typical references.",https://www.ilva.is/stok-vara/?ProductName=LAKE-Bordstofubord-150x90cm-graoliuborinn-gegnheil-eik&PathId=5b0acb86-6b83-45af-afce-1190f3c19f81,https://www.ilva.is/library/Images/Products/V011430.jpg?proc=366x366,2026-10-05 21:23 UTC
7.0,ÖREBRO borðstofuborð ø120 (120x160/200) H75 cm eikaráferð,159990,1,159990,160/200/220 cm,JYSK,modern Scandinavian,wood veneer,"The table has a warm wood tone with softly rounded edges and a unique wooden pedestal base, aligning moderately with the mid-century Scandinavian style.",https://jysk.is/stok-vara/OREBRO-bordstofubord-o120-120x160-200-H75-cm-eikaraferd/?PathId=68136a40-8cc3-4036-8232-832bbcbd4a46,https://jysk.is/library/Images/products/P008212.jpg?proc=366x366,2026-10-08 06:47 UTC
7.0,Nola borðstofuborð 95×180-230 oval natur eik,219990,1,219990,180 cm,Húsgagnahöllin,"Scandinavian, mid-century",natural oak,"The table has a warm wood tone, softly rounded edges, and a simple wooden pedestal base, fitting well with the mid-century Scandinavian aesthetic.",https://husgagnahollin.is/vara/nola-bordstofubord-95x180-230-oval-natur-eik/,https://husgagnahollin.is/wp-content/uploads/2026/01/51552780-NOLA-TABLE-95x180-230-CM-OVAL-SHAPE_2.webp,2026-10-05 21:23 UTC
7.0,Klassi borð,314900,1,314900,160/180/200/220/240/260/280 cm,Módern,"Scandinavian, mid-century",oiled wood,"The table features a slim wooden top, softly rounded edges, and slightly tapered splayed legs, fitting well into the mid-century Scandinavian aesthetic.",https://modern.is/shop/husgogn/bord/bordstofubord/klassi-bord/,https://modern.is/wp-content/uploads/2026/09/Klassi_200x100_AC11_Ben50_Rectangulaer_Harlekin-300x300.jpg,2026-10-05 21:34 UTC
7.0,Skovby - borðstofuborð/stækkanlegt SM 107 - sérpöntun,346499,1,346499,size?,Snúran,"Scandinavian, mid-century","veneer, warm wood","The table has a warm wood veneer and Scandinavian style, with softly rounded corners and tapered legs, fitting well with the reference look.",https://snuran.is/products/skovby-bordstofubord-staekkanlegt-sm108-serpontun-copy,https://cdn.shopify.com/s/files/1/0582/7693/7904/files/108n.png?v=1789487819,2026-10-05 21:23 UTC
7.0,Skovby - borðstofuborð/stækkanlegt SM 26 - sérpöntun,360499,1,360499,155 cm,Snúran,modern Scandinavian,"light wood, oiled finish","The table features a slim top with rounded edges and tapered legs, fitting well with the mid-century Scandinavian aesthetic, though the lighter wood tone slightly differs from the typical warmer tones seen in the references.",https://snuran.is/products/skovby-bordstofubord-staekkanlegt-26-serpontun,https://cdn.shopify.com/s/files/1/0582/7693/7904/files/26E_0aa55126-55a5-45e0-9f8e-06687e14618e.png?v=1769187482,2026-10-05 21:23 UTC
7.0,Skovby borðstofuborð 117 olíuborin hnota,372499,1,372499,size?,Húsgagnahöllin,mid-century Scandinavian,oiled walnut,"The table's warm walnut tone, slim top with softly rounded corners, and simple wooden pedestal match the mid-century Scandinavian aesthetic, though the pedestal base slightly diverges from the more common tapered legs.",https://husgagnahollin.is/vara/skovby-bordstofubord-117-oliuborin-hnota/,https://husgagnahollin.is/wp-content/uploads/2021/01/Skovby-bordstofubord-117-oliuborin-hnota-SM117NO.jpg,2026-10-05 21:23 UTC
7.0,Amelia borð,394900,1,394900,160/180/200/220/240/260/280 cm,Módern,mid-century Scandinavian,solid or veneered wood,"The table features warm wood tones, a slim top with rounded corners, and a mid-century Scandinavian style with its unique wooden leg design.",https://modern.is/shop/husgogn/bord/bordstofubord/amelia-bord/,https://modern.is/wp-content/uploads/2021/03/AMELIA_dining_table_220x100cm_oak_C4-w.-shadow-scaled-1-300x300.jpg,2026-10-05 21:34 UTC
6.0,LANDHOLM Borðstofuborð 180x95cm mattlakkaður eikarspónn,111920,1,111920,180 cm,ILVA,modern Scandinavian,matt-lacquered oak veneer,"The table has a solid warm wood appearance with a matte finish, but features a pedestal base instead of tapered splayed legs, and sharper edges rather than rounded, which slightly diverges from mid-century design cues.",https://www.ilva.is/stok-vara/?ProductName=LANDHOLM-Bordstofubord-180x95cm-mattlakkadur-eikarsponn&PathId=5b0acb86-6b83-45af-afce-1190f3c19f81,https://www.ilva.is/library/Images/Products/V009031.jpg?proc=366x366,2026-10-05 21:23 UTC
6.0,Nola borðstofuborð 95×180 oval natur eik,149990,1,149990,180 cm,Húsgagnahöllin,"Scandinavian, modern",oak veneer,"Similar wood tone and rounded top, but the pedestal base is not mid-century style.",https://husgagnahollin.is/vara/nola-bordstofubord-95x180-oval-natur-eik/,https://husgagnahollin.is/wp-content/uploads/2025/01/Nola-bordstofubord-95x180-oval-natur-eik-48302780.jpg,2026-10-05 21:23 UTC
6.0,ÖREBRO borðstofuborð ø120 (120x160/200) H75 cm dökk eikaráferð,199990,1,199990,160/200/220 cm,JYSK,modern pedestal,dark wood veneer,"The table has dark, warm wood tones and a simple yet modern pedestal base, but the overall design leans more towards a modern style than mid-century Scandinavian.",https://jysk.is/stok-vara/OREBRO-bordstofubord-o120-120x160-200-H75-cm-dokk-eikaraferd/?PathId=68136a40-8cc3-4036-8232-832bbcbd4a46,https://jysk.is/library/Images/products/P008213.jpg?proc=366x366,2026-10-08 06:47 UTC
6.0,Skovby - SM 142 borðstofuborð/stækkanlegt  - sérpöntun,235499,1,235499,174 cm,Snúran,"Scandinavian, minimalist",oiled oak,"The table features a solid wood appearance and a slim top with clean lines, fitting the Scandinavian style, but the wood tone is lighter and the legs are less tapered than the reference images.",https://snuran.is/products/skovby-bordstofubord-staekkanlegt-26-serpontun-copy,https://cdn.shopify.com/s/files/1/0582/7693/7904/files/142E_A.jpg?v=1769187522,2026-10-05 21:23 UTC
6.0,SKOVBY SM116 Borðstofuborð 142-182x102cm hvítolíuborin eik,283400,1,283400,142/182 cm,ILVA,modern Scandinavian,oiled oak,"The table has a slim top with softly rounded edges and a simple wooden pedestal, but the lighter tone of the wood and modern design slightly differ from the warm, mid-century aesthetic of the references.",https://www.ilva.is/stok-vara/?ProductName=SKOVBY-SM116-Bordstofubord-142-182x102cm-hvitoliuborin-eik&PathId=5b0acb86-6b83-45af-afce-1190f3c19f81,https://www.ilva.is/library/Images/Products/V014134.jpg?proc=366x366,2026-10-05 21:23 UTC
6.0,Skovby - borðstofuborð/stækkanlegt SM 78 - sérpöntun,290499,1,290499,190 cm,Snúran,Scandinavian mid-century,veneered wood,"The table has a slim top with softly rounded edges and tapered wooden legs, matching the mid-century Scandinavian aesthetic, but the wood tone is lighter than typical walnut or teak.",https://snuran.is/products/skovby-bordstofubord-staekkanlegt-78-serpontun,https://cdn.shopify.com/s/files/1/0582/7693/7904/files/78EMO.png?v=1769187480,2026-10-05 21:23 UTC
6.0,SKOVBY SM11 Borðstofuborð 183/275x100cm múskat lamínat og mokkalakkaðir eikarfætur,303920,1,303920,183/275 cm,ILVA,modern Scandinavian,"laminate, wood","The table has a slim top, wooden elements, and a Scandinavian influence, but the legs and laminate surface slightly deviate from the warm wood aesthetic.",https://www.ilva.is/stok-vara/?ProductName=SKOVBY-SM11-Bordstofubord-183-275x100cm-muskat-laminat-og-mokkalakkadir-eikarfaetur&PathId=5b0acb86-6b83-45af-afce-1190f3c19f81,https://www.ilva.is/library/Images/Products/V012993.jpg?proc=366x366,2026-10-05 21:23 UTC
6.0,Skovby borðstofuborð 33 olíuborin hnota,394999,1,394999,size?,Húsgagnahöllin,mid-century Scandinavian,oiled walnut veneer,"The table has a warm wood tone with a matte finish and a simple pedestal base, fitting the mid-century Scandinavian style, though the geometric top pattern adds a slight deviation from classic designs.",https://husgagnahollin.is/vara/skovby-bordstofubord-sm33-oliuborinn-hnota/,https://husgagnahollin.is/wp-content/uploads/2022/11/Skovby-bordstofubord-SM33-oliuborinn-hnota-SM33NO.jpg,2026-10-05 21:23 UTC
5.0,ALLING borðstofuborð 80x100/163 cm eikarlitað,18990,1,18990,100/200/220 cm,JYSK,"simple, functional",wood veneer,The table has warm wood tones and rounded edges but lacks the tapered legs and refined mid-century aesthetic of the references.,https://jysk.is/stok-vara/ALLING-bordstofubord-80x100-163-cm-eikarlitad/?PathId=68136a40-8cc3-4036-8232-832bbcbd4a46,https://jysk.is/library/Images/products/P009218.jpg?proc=366x366,2026-10-08 06:47 UTC
5.0,LYNGVIG borðstofuborð 95x180/260 cm eik,99990,1,99990,180/200/220 cm,JYSK,modern wooden,veneered wood,The table has a solid wood look with rounded edges but uses a pedestal base which deviates from the mid-century Scandinavian style's tapered legs.,https://jysk.is/stok-vara/LYNGVIG-bordstofubord-95x180-260-cm-eik/?PathId=68136a40-8cc3-4036-8232-832bbcbd4a46,https://jysk.is/library/Images/products/P012987.jpg?proc=366x366,2026-10-08 06:47 UTC
5.0,SESSIA Borðstofuborð 180x95x75cm mattlakkaður eikarspónn,103920,1,103920,180 cm,ILVA,modern minimalist,veneered wood,"The table has a warm wood tone and a slim top with rounded edges, but the boxy leg design is not aligned with the mid-century Scandinavian aesthetic of tapered or splayed legs.",https://www.ilva.is/stok-vara/?ProductName=SESSIA-Bordstofubord-180x95x75cm-mattlakkadur-eikarsponn&PathId=5b0acb86-6b83-45af-afce-1190f3c19f81,https://www.ilva.is/library/Images/Products/V014195.jpg?proc=366x366,2026-10-05 21:23 UTC
5.0,TRUE Borðstofuborð 160x95cm viðarfætur gráolíuborin gegnheil eik,183920,1,183920,160 cm,ILVA,modern rustic,oiled oak,"The table has a warm wood tone and a slim top with rounded edges, but the leg design is more rustic and less tapered, and the finish is slightly more matte.",https://www.ilva.is/stok-vara/?ProductName=TRUE-Bordstofubord-160x95cm-vidarfaetur-graoliuborin-gegnheil-eik&PathId=5b0acb86-6b83-45af-afce-1190f3c19f81,https://www.ilva.is/library/Images/Products/V008269.jpg?proc=366x366,2026-10-05 21:23 UTC
4.0,JEGIND borðstofuborð 80x130 cm eik/svart,22990,1,22990,130/200/220 cm,JYSK,"modern, minimalist",wood and black legs,"The table has a slim top with rounded edges but features black metal legs, contrasting with the warm wood and purely wooden elements of the target aesthetic.",https://jysk.is/stok-vara/JEGIND-bordstofubord-80x130-cm-eik-svart/?PathId=68136a40-8cc3-4036-8232-832bbcbd4a46,https://jysk.is/library/Images/products/P007358.jpg?proc=366x366,2026-10-08 06:47 UTC
4.0,MEJLSKOV borðstofuborð 90x180 cm eik,49980,1,49980,180/200/220 cm,JYSK,minimalist contemporary,oiled oak,"The table has a solid wood appearance, but the straight legs and sharp edges do not align with the mid-century Scandinavian style and rounded features of the references.",https://jysk.is/stok-vara/MEJLSKOV-bordstofubord-90x180-cm-eik/?PathId=68136a40-8cc3-4036-8232-832bbcbd4a46,https://jysk.is/library/Images/products/P011135.jpg?proc=366x366,2026-10-08 06:47 UTC
4.0,SKOVLUNDE borðstofuborð 90x160 cm dökk eik,74990,1,74990,160/200/220 cm,JYSK,"industrial, modern","oak, metal","The candidate table has a dark wood tone but features metal legs, which doesn't align with the mid-century Scandinavian aesthetic characterized by wooden legs.",https://jysk.is/stok-vara/SKOVLUNDE-bordstofubord-90x160-cm-dokk-eik/?PathId=68136a40-8cc3-4036-8232-832bbcbd4a46,https://jysk.is/library/Images/products/P002317.jpg?proc=366x366,2026-10-08 06:47 UTC
4.0,Borðstofuborð,75000,1,75000,180 cm,Bland (notað),"simple, modern",oiled oak,The table has a warm wood tone and oiled finish but lacks the mid-century Scandinavian style and design details like tapered legs or rounded edges.,https://bland.is/til-solu/heimilid/stofa/bordstofubord/5291196/,https://img.bland.is/album/img/120625/m/20260929221304_0.jpg,2026-10-05 21:23 UTC
4.0,SINGLE Borðstofuborð 120/217x80cm eik/eik,79920,1,79920,120/217 cm,ILVA,modern minimalist,"veneered wood, light oak","The table has a slim top and tapered legs, but the light oak color and overall design are more modern minimalist rather than mid-century Scandinavian.",https://www.ilva.is/stok-vara/?ProductName=SINGLE-Bordstofubord-120-217x80cm-eik-eik&PathId=5b0acb86-6b83-45af-afce-1190f3c19f81,https://www.ilva.is/library/Images/Products/V007738.jpg?proc=366x366,2026-10-05 21:23 UTC
4.0,SINGLE Borðstofuborð 180/277x90cm hvítt/eik,95920,1,95920,180/277 cm,ILVA,"modern, minimalist",wood and veneer,The table has a slim top and tapered legs but its use of a white surface and lack of warm wood tones diverge from the mid-century Scandinavian style.,https://www.ilva.is/stok-vara/?ProductName=SINGLE-Bordstofubord-180-277x90cm-hvitt-eik&PathId=5b0acb86-6b83-45af-afce-1190f3c19f81,https://www.ilva.is/library/Images/Products/V003025.jpg?proc=366x366,2026-10-05 21:23 UTC
4.0,LYNGVIG borðstofuborð 95x180/260 cm dökk eik,99990,1,99990,180/200/220 cm,JYSK,"modern, minimalist",dark wood veneer,"The table has a sleek design with softly rounded edges, but its pedestal legs and dark, even finish deviate from the mid-century Scandinavian aesthetic.",https://jysk.is/stok-vara/LYNGVIG-bordstofubord-95x180-260-cm-dokk-eik/?PathId=68136a40-8cc3-4036-8232-832bbcbd4a46,https://jysk.is/library/Images/products/P012986.jpg?proc=366x366,2026-10-08 06:47 UTC
4.0,LANDHOLM Borðstofuborð 180x95cm reyklitaður eikarspónn,111920,1,111920,180 cm,ILVA,"modern, minimalist",veneered wood,"The table has a veneer wood finish but lacks the tapered, splayed legs and soft edges characteristic of the Scandinavian mid-century style.",https://www.ilva.is/stok-vara/?ProductName=LANDHOLM-Bordstofubord-180x95cm-reyklitadur-eikarsponn&PathId=5b0acb86-6b83-45af-afce-1190f3c19f81,https://www.ilva.is/library/Images/Products/V010238.jpg?proc=366x366,2026-10-05 21:23 UTC
4.0,Nola borðstofuborð 95×180 oval svört eik,149990,1,149990,180 cm,Húsgagnahöllin,modern matte oval,dark wood,The table has an oval shape and a matte finish but lacks the warm wood tone and tapered legs typical of mid-century Scandinavian design.,https://husgagnahollin.is/vara/nola-bordstofubord-95x180-oval-svort-eik/,https://husgagnahollin.is/wp-content/uploads/2023/09/Nola-bordstofubord-95x180-oval-svort-eik-48304640-1.jpg,2026-10-05 21:23 UTC
4.0,GRIBSKOV borðstofuborð 100x180 cm eik,149990,1,149990,180/200/220 cm,JYSK,rustic modern,oak wood,"The table material is oak wood, but the crossed legs and lack of rounded edges give it a more rustic modern look, differing from the mid-century Scandinavian design.",https://jysk.is/stok-vara/GRIBSKOV-bordstofubord-100x180-cm-eik/?PathId=68136a40-8cc3-4036-8232-832bbcbd4a46,https://jysk.is/library/Images/products/P007353.jpg?proc=366x366,2026-10-08 06:47 UTC
4.0,Laminate borðstofuborð,150000,1,150000,size?,Bland (notað),contemporary minimalism,"laminate, likely metal legs","The table is minimal and slim but lacks the warmth of wood, with a dark top and metal legs, diverging from the mid-century Scandinavian wooden aesthetic.",https://bland.is/til-solu/heimilid/stofa/laminate-bordstofubord/5292390/,https://img.bland.is/album/img/140685/m/20261004122647_0.jpg,2026-10-05 21:23 UTC
4.0,Dinex eldhúsborð 90×140 hvítolíuborin eik,169990,1,169990,140 cm,Húsgagnahöllin,contemporary oak,oiled oak,"The table is made of oiled oak which aligns with the material requirement, but its straight legs, boxy top, and lack of soft curves diverge from the mid-century Scandinavian aesthetic.",https://husgagnahollin.is/vara/dinex-eldhusbord-90x140-hvitoliuborin-eik/,https://husgagnahollin.is/wp-content/uploads/2019/08/Dinex-eldhusbord-90x140-hvitoliuborin-eik.jpg,2026-10-05 21:23 UTC
4.0,ÖREBRO borðstofuborð ø120 (120x160/200) H75 cm svart,199990,1,199990,160/200/220 cm,JYSK,"modern, sculptural base","dark wood, veneered","The candidate has a more modern design with a sculptural base, lacks the slim, tapered leg look and warm wood tone typical of the reference mid-century Scandinavian style.",https://jysk.is/stok-vara/OREBRO-bordstofubord-o120-120x160-200-H75-cm-svart/?PathId=68136a40-8cc3-4036-8232-832bbcbd4a46,https://jysk.is/library/Images/products/P010726.jpg?proc=366x366,2026-10-08 06:47 UTC
4.0,Oakville borðstofuborð 106 lökkuð eik mokka,249499,1,249499,size?,Húsgagnahöllin,modern minimalist,wood veneer,"The table's wood tone and matte finish are appropriate, but the angular edges and geometric legs diverge from the mid-century Scandinavian style.",https://husgagnahollin.is/vara/oakville-bordstofubord-106-lokkud-eik-mokka/,https://husgagnahollin.is/wp-content/uploads/2026/06/SM106EJ-Oakville-bordstofubord-106-lokkud-eik-mokka-1.webp,2026-10-05 21:23 UTC
4.0,Ritz borðstofuborð 120 marmari Bursa,249990,1,249990,size?,Húsgagnahöllin,"modern, minimalist","marble, dark wood","The table has a marble top and a dark wood pedestal base, which does not align with the light, warm wood and tapered leg style of the target mid-century Scandinavian aesthetic.",https://husgagnahollin.is/vara/ritz-bordstofubord-marmari-bursa-espresso-oliuborin-eik/,https://husgagnahollin.is/wp-content/uploads/2026/01/48704711-Ritz-bordstofubord-marmari-Bursa-espresso-oliuborin-eik-1.webp,2026-10-05 21:23 UTC
4.0,Skovby - SM 116  borðstofuborð/stækkanlegt  - sérpöntun,283499,1,283499,142 cm,Snúran,modern pedestal base,light oak veneer,"The table has a simple wooden pedestal and smooth edges, but its light color and modern design diverge from the warm, mid-century look of the references.",https://snuran.is/products/skovby-bordstofubord-staekkanlegt-116-serpontun,https://cdn.shopify.com/s/files/1/0582/7693/7904/files/116EH_A.jpg?v=1769187518,2026-10-05 21:23 UTC
4.0,Navis borð,284900,1,284900,92/132/150/153/232/253 cm,Módern,"contemporary, light wood","light wood, possibly veneer","The table has a similar form with tapered legs and a slim top, but the light wood color and possibly veneer top do not match the warm wood tone of the reference style.",https://modern.is/shop/husgogn/bord/bordstofubord/curve-bord/,https://modern.is/wp-content/uploads/2020/08/72619543101-2-e1660516446664-1-300x300.jpg,2026-10-05 21:34 UTC
4.0,"MAGNOLIA Borðstofuborð Ø150x75cm grátt travertín, mattlakkaður eikarspónn",287920,1,287920,150 cm,ILVA,"modern, minimalist","travertine top, oak veneer base","While it has a simple, minimal base, the travertine top and lack of wood on the top surface diverge from the warm wood, mid-century Scandinavian look.",https://www.ilva.is/stok-vara/?ProductName=MAGNOLIA-Bordstofubord-O150x75cm-gratt-travertin-mattlakkadur-eikarsponn&PathId=5b0acb86-6b83-45af-afce-1190f3c19f81,https://www.ilva.is/library/Images/Products/V014109.jpg?proc=366x366,2026-10-05 21:23 UTC
4.0,Skovby - SM 11 borðstofuborð/stækkanlegt - sérpöntun,291499,1,291499,183 cm,Snúran,"contemporary, angular",dark wood veneer,The table's dark wood and angular design differ from the mid-century Scandinavian style with warm tones and rounded edges seen in the reference images.,https://snuran.is/products/skovby-bordstofubord-staekanlegt-serpontun-2,https://cdn.shopify.com/s/files/1/0582/7693/7904/files/13.jpg?v=1769187874,2026-10-05 21:23 UTC
4.0,Skovby borðstofuborð 33 lökkuð svört eik,372999,1,372999,size?,Húsgagnahöllin,modern minimalist,black wood veneer,The candidate table's black wood veneer and pedestal base diverge from the warm wood tones and mid-century Scandinavian style of the references.,https://husgagnahollin.is/vara/skovby-bordstofubord-33-lokkud-svort-eik/,https://husgagnahollin.is/wp-content/uploads/2019/10/Skovby-bordstofubord-SM33-svort-eik-SM33W.jpg,2026-10-05 21:23 UTC
3.0,Borð IKEA,10000,1,10000,147/204 cm,Bland (notað),modern rectangular,dark stained wood,"The table has a dark wood tone but lacks the mid-century Scandinavian design with its thick, straight edges and bulky legs.",https://bland.is/til-solu/heimilid/stofa/bord-ikea/5292364/,https://img.bland.is/album/img/335294/m/20261004111232_0.jpg,2026-10-05 21:23 UTC
3.0,AABENRAA borð 80x120 cm eik/svart,23992,1,23992,120/200/220 cm,JYSK,industrial minimalist,wood and metal,The table has a metal frame and lacks the warm wood tones and tapered legs characteristic of the desired mid-century Scandinavian style.,https://jysk.is/stok-vara/AABENRAA-bord-80x120-cm-eik-svart-3/?PathId=68136a40-8cc3-4036-8232-832bbcbd4a46,https://jysk.is/library/Images/products/P002111.jpg?proc=366x366,2026-10-08 06:47 UTC
3.0,JUNGEN borðstofuborð 80x80/160 cm ljós eik,24990,1,24990,80/200/220 cm,JYSK,"simple, blocky",light wood veneer,The table is too blocky with sharp edges and lacks the mid-century Scandinavian design features such as tapered legs and rounded corners seen in the references.,https://jysk.is/stok-vara/JUNGEN-bordstofubord-80x80-160-cm-ljos-eik/?PathId=68136a40-8cc3-4036-8232-832bbcbd4a46,https://jysk.is/library/Images/products/P011136.jpg?proc=366x366,2026-10-08 06:47 UTC
3.0,Borðstofuborð 160x90 cm 210x90,25000,1,25000,160/210 cm,Bland (notað),"modern, blocky",oak wood,The table has a blocky design with straight legs and lacks the softness and slim top of the mid-century style.,https://bland.is/til-solu/heimilid/stofa/bordstofubord-160x90-cm-210x90/5292203/,https://img.bland.is/album/img/45417/m/20261003172451_0.jpg,2026-10-05 21:23 UTC
3.0,ALSTED borðstofuborð 90x160 cm dökk eikarlitað,39990,1,39990,160/200/220 cm,JYSK,simple modern,dark stained wood,The table has a dark stained wood appearance but lacks the mid-century Scandinavian design elements like softly rounded corners and tapered legs.,https://jysk.is/stok-vara/ALSTED-bordstofubord-90x160-cm-dokk-eikarlitad/?PathId=68136a40-8cc3-4036-8232-832bbcbd4a46,https://jysk.is/library/Images/products/P012995.jpg?proc=366x366,2026-10-08 06:47 UTC
3.0,Stækkanlegt Borðstofuborð,40000,1,40000,size?,Bland (notað),"rustic, geometric",wood,"The hexagonal shape, thick top, and dark wood tone diverge from the slim, rounded mid-century Scandinavian style of the references.",https://bland.is/til-solu/heimilid/stofa/staekkanlegt-bordstofubord/5292154/,https://img.bland.is/album/img/68469/m/20261003144826_0.jpg,2026-10-05 21:23 UTC
3.0,Borðstofuborð,49000,1,49000,size?,Bland (notað),modern industrial,dark wood veneer,"The table has a dark wood top and metal legs, which deviates from the warm wood and tapered leg aesthetic of the reference images.",https://bland.is/til-solu/heimilid/stofa/bordstofubord/5293124/,https://img.bland.is/album/img/217729/m/20261006173324_0.jpg,2026-10-07 14:46 UTC
3.0,VIMMERBY borðstofuborð 80x140 cm brúnt ceramik,49990,1,49990,140/200/220 cm,JYSK,"modern, minimalistic","ceramic top, metal legs","The table has a slim top and rounded edges but has a ceramic top and metal legs, which do not match the warm wood aesthetic of the references.",https://jysk.is/stok-vara/VIMMERBY-bordstofubord-80x140-cm-brunt-ceramik/?PathId=68136a40-8cc3-4036-8232-832bbcbd4a46,https://jysk.is/library/Images/products/P010687.Jpg?proc=366x366,2026-10-08 06:47 UTC
3.0,Til sölu borð með 6 stólum.,50000,1,50000,size?,Bland (notað),"modern, simple",wood or veneer,"The table has a wood tone but lacks the slim top, rounded edges, and tapered legs typical of mid-century Scandinavian design.",https://bland.is/til-solu/heimilid/stofa/til-solu-bord-med-6-stolum-/5292777/,https://img.bland.is/album/img/434003/m/20261005133248_0.jpg,2026-10-06 14:30 UTC
3.0,Italskt borðstofuborð,55000,1,55000,184/228 cm,Bland (notað),formal traditional,dark glossy wood,"The dark, glossy finish and pedestal base contrast with the matte, mid-century Scandinavian style sought.",https://bland.is/til-solu/heimilid/eldhus-og-badherbergi/italskt-bordstofubord/5292343/,https://img.bland.is/album/img/219922/m/20261004103151_0.jpg,2026-10-05 21:23 UTC
3.0,Borðstofuborð úr Ilva,60000,1,60000,160 cm,Bland (notað),"industrial, farmhouse",wood with metal legs,"The table has a wood top but with a rough finish and metal legs, which deviates from the desired mid-century Scandinavian style with wooden legs and a smooth, matte finish.",https://bland.is/til-solu/heimilid/stofa/bordstofubord-ur-ilva/5292481/,https://img.bland.is/album/img/251044/m/20261004150427_0.jpg,2026-10-05 21:23 UTC
3.0,SKOVLUNDE borðstofuborð 90x160 cm ljós eik,74990,1,74990,160/200/220 cm,JYSK,modern industrial,light wood with metal legs,"The table features metal legs and a lighter wood finish, which do not align with the warm wood and sleek Scandinavian design of the reference images.",https://jysk.is/stok-vara/SKOVLUNDE-bordstofubord-90x160-cm-ljos-eik/?PathId=68136a40-8cc3-4036-8232-832bbcbd4a46,https://jysk.is/library/Images/products/P002382.jpg?proc=366x366,2026-10-08 06:47 UTC
3.0,SINGLE Borðstofuborð 120/217x80cm hvítt/eik,79920,1,79920,120/217 cm,ILVA,contemporary Scandinavian,"white top, light wood legs","The table has a contemporary look with a white top and light wood legs, which does not align well with the warm wood tones and mid-century style of the references.",https://www.ilva.is/stok-vara/?ProductName=SINGLE-Bordstofubord-120-217x80cm-hvitt-eik&PathId=5b0acb86-6b83-45af-afce-1190f3c19f81,https://www.ilva.is/library/Images/Products/V003024%20-%20Copy%20(3).jpg?proc=366x366,2026-10-05 21:23 UTC
3.0,SANDBY borðstofuborð 100x160 cm natur/svart,79990,1,79990,160/200/220 cm,JYSK,contemporary industrial,wood and metal,"The table uses wood and metal with angled metal legs, contrasting with the mid-century styled wood-only references.",https://jysk.is/stok-vara/SANDBY-bordstofubord-100x160-cm-natur-svart/?PathId=68136a40-8cc3-4036-8232-832bbcbd4a46,https://jysk.is/library/Images/products/P004050.jpg?proc=366x366,2026-10-08 06:47 UTC
3.0,SANDBY borðstofuborð 100x160 cm dökk eik,79990,1,79990,160/200/220 cm,JYSK,industrial modern,wood and metal,"The table utilizes wood and metal, featuring a minimalist design that leans industrial, contrasting with the warm, mid-century style and wooden legs of the references.",https://jysk.is/stok-vara/SANDBY-bordstofubord-100x160-cm-dokk-eik/?PathId=68136a40-8cc3-4036-8232-832bbcbd4a46,https://jysk.is/library/Images/products/P006956.jpg?proc=366x366,2026-10-08 06:47 UTC
3.0,SINGLE Borðstofuborð 180/277x90cm hvítt/svart,95920,1,95920,180/277 cm,ILVA,modern minimalist,"particle board, laminate","The table has a high contrast design and a laminate top, diverging from the warm wood and mid-century style of the references.",https://www.ilva.is/stok-vara/?ProductName=SINGLE-Bordstofubord-180-277x90cm-hvitt-svart&PathId=5b0acb86-6b83-45af-afce-1190f3c19f81,https://www.ilva.is/library/Images/Products/V003023.jpg?proc=366x366,2026-10-05 21:23 UTC
3.0,ROSLEV borðstofuborð 95x160 cm ljós eik/svart,139990,1,139990,160/200/220 cm,JYSK,modern industrial,"light wood, metal","The candidate table has a light wood top with metal legs, contrasting the warm wood and tapered leg style of the reference images.",https://jysk.is/stok-vara/ROSLEV-bordstofubord-95x160-cm-ljos-eik-svart/?PathId=68136a40-8cc3-4036-8232-832bbcbd4a46,https://jysk.is/library/Images/products/P011573.jpg?proc=366x366,2026-10-08 06:47 UTC
3.0,ROSLEV borðstofuborð 95x160 cm dökk eik/svart,139990,1,139990,160/200/220 cm,JYSK,industrial,dark wood and black metal,"The table has an industrial style with metal legs, which does not match the mid-century Scandinavian aesthetic of the references.",https://jysk.is/stok-vara/ROSLEV-bordstofubord-95x160-cm-dokk-eik-svart/?PathId=68136a40-8cc3-4036-8232-832bbcbd4a46,https://jysk.is/library/Images/products/P002086.jpg?proc=366x366,2026-10-08 06:47 UTC
3.0,Nola borðstofuborð 95×180-230 oval svört eik,219990,1,219990,180 cm,Húsgagnahöllin,"modern, minimal",dark wood,"The table has a dark, modern aesthetic with a thick pedestal base which contrasts with the mid-century Scandinavian style of warm wood, slim tapered legs, and softer finish.",https://husgagnahollin.is/vara/nola-bordstofubord-95x180-230-oval-svort-eik/,https://husgagnahollin.is/wp-content/uploads/2025/12/51554640-NOLA-TABLE-95x180-230-CM-OVAL-SHAPE_2.webp,2026-10-05 21:23 UTC
3.0,Eclipse borðstofuborð askur svartur,299990,1,299990,size?,Húsgagnahöllin,"modern, sleek","ash wood, black finish","The table features a slim top with rounded edges and tapered legs, but the dark color and modern finish deviate from the warm wood tones and mid-century aesthetic desired.",https://husgagnahollin.is/vara/eclipse-bordstofubord-askur-svartur/,https://husgagnahollin.is/wp-content/uploads/2019/08/Eclipse-bordstofubord-askur-svartur.jpg,2026-10-05 21:23 UTC
3.0,Zet Round borð,329900,1,329900,100/110/120/130/140/150/160 cm,Módern,"industrial, geometric","dark wood, metal","The table has a geometric metal base and dark finish, which contrasts with the warm wood, tapered legs, and mid-century Scandinavian style of the reference images.",https://modern.is/shop/husgogn/bord/bordstofubord/zet-round-bord/,https://modern.is/wp-content/uploads/2025/08/Kristensen-Zet-300x300.jpg,2026-10-05 21:34 UTC
3.0,Skovby - SM 23 borðstofuborð/stækkanlegt  - sérpöntun,344499,1,344499,150 cm,Snúran,contemporary rectangular,light wood,"The table is light wood and has a simple design, but lacks the mid-century Scandinavian features such as rounded edges, tapered legs, and a warm wood tone.",https://snuran.is/products/copy-of-skovby-bordstofubord-staekanlegt-11-serpontun,https://cdn.shopify.com/s/files/1/0582/7693/7904/files/Addatitle_2_340d01c7-80fe-4694-9fd7-512f9d4ee125.jpg?v=1769187893,2026-10-05 21:23 UTC
2.0,"Borð og tveir stólar, nýlegt",8000,1,8000,size?,Bland (notað),"industrial, modern","wood veneer, metal",The table has a wood veneer top but differs in style with metal legs and a more industrial design.,https://bland.is/til-solu/heimilid/stofa/bord-og-tveir-stolar-nylegt/5292648/,https://img.bland.is/album/img/317119/m/20261004205431_0.jpg,2026-10-05 21:23 UTC
2.0,IKEA DOCKSTA eldhúsborð,10000,1,10000,size?,Bland (notað),modern minimalist,white lacquer,"The white pedestal base and sleek design do not match the warm wood, mid-century Scandinavian aesthetic of the references.",https://bland.is/til-solu/heimilid/eldhus-og-badherbergi/ikea-docksta-eldhusbord/5282508/,https://img.bland.is/album/img/102911/m/20260829200757_0.jpg,2026-10-05 21:23 UTC
2.0,KRONDAL borðstofuborð 90x180 cm svart/marmara útlit,24990,1,24990,180/200/220 cm,JYSK,"modern, minimalist",black marble look,"The candidate table's black marble-like finish and slab legs contrast with the warm wood, slim top, and tapered legs of the mid-century Scandinavian style.",https://jysk.is/stok-vara/KRONDAL-bordstofubord-90x180-cm-svart-marmara-utlit/?PathId=68136a40-8cc3-4036-8232-832bbcbd4a46,https://jysk.is/library/Images/products/P009155.jpg?proc=366x366,2026-10-08 06:47 UTC
2.0,Eldhúsborð og 4 stólar,26500,1,26500,size?,Bland (notað),"traditional, painted",painted wood or MDF,"The table is painted white with turned legs, lacking the warm wood tone and mid-century style of the references.",https://bland.is/til-solu/heimilid/eldhus-og-badherbergi/eldhusbord-og-4-stolar/5292845/,https://img.bland.is/album/img/365474/m/20261005170915_0.jpg,2026-10-05 21:23 UTC
2.0,VIMMERBY borðstofuborð 80x140 cm grátt ceramik,49990,1,49990,140/200/220 cm,JYSK,modern minimalist,"ceramic, metal legs","The candidate has a ceramic top and metal legs, contrasting the warm wood and mid-century Scandinavian aesthetic of the references.",https://jysk.is/stok-vara/VIMMERBY-bordstofubord-80x140-cm-gratt-ceramik/?PathId=68136a40-8cc3-4036-8232-832bbcbd4a46,https://jysk.is/library/Images/products/P010686.Jpg?proc=366x366,2026-10-08 06:47 UTC
2.0,SINGLE Borðstofuborð 120/217x80cm hvítt/svart,79920,1,79920,120/217 cm,ILVA,"modern, minimal","white top, black legs","The candidate table lacks warm wood tones and features a modern color scheme with a white top and black legs, diverging from the mid-century Scandinavian aesthetic.",https://www.ilva.is/stok-vara/?ProductName=SINGLE-Bordstofubord-120-217x80cm-hvitt-svart&PathId=5b0acb86-6b83-45af-afce-1190f3c19f81,https://www.ilva.is/library/Images/Products/V003022.jpg?proc=366x366,2026-10-05 21:23 UTC
2.0,Rexite Eldhúsborð og Stólar frá Stálsmiðjunni,85000,1,85000,size?,Bland (notað),"modern, minimalist","metal, laminate","The table is modern with a laminate top and metal legs, contrasting with the warm wood and vintage aesthetics of mid-century Scandinavian design.",https://bland.is/til-solu/heimilid/eldhus-og-badherbergi/rexite-eldhusbord-og-stolar-fra-stalsmidjunni/5293227/,https://img.bland.is/album/img/128722/m/20261006211028_0.jpg,2026-10-07 14:46 UTC
2.0,Single borðstofuborð 90×180/270 svart/hvítt,119990,1,119990,180 cm,Húsgagnahöllin,contemporary minimalist,black and white laminate,"The table has a laminate top and black legs, contrasting with the warm wood, mid-century Scandinavian style desired.",https://husgagnahollin.is/vara/single-bordstofubord-90x180-svart-hvitt/,https://husgagnahollin.is/wp-content/uploads/2019/08/Single-bordstofubord-90x180-svarthvitt-scaled.jpg,2026-10-05 21:23 UTC
2.0,Borð DAPPLE 160x90 H74 Cashmere,128000,1,128000,160 cm,Epal,"modern, industrial","metal, perforated surface","The table is metal with a perforated top, which contrasts the warm wood, tapered wood legs, and mid-century style of the reference images.",https://www.epal.is/products/bord-dapple-160x90-h74-cashmere,https://cdn.shopify.com/s/files/1/0817/4167/6800/files/9db9b341-9b30-47bc-9396-42c3f925b17b.jpg?v=1771298378,2026-10-05 21:23 UTC
2.0,Heaven borðstofuborð 90x160cm keramik rustik brúnt,169990,1,169990,160 cm,Húsgagnahöllin,modern industrial,"ceramic, metal","The table has a ceramic top and metal legs, contrasting with the wood and mid-century Scandinavian style of the references.",https://husgagnahollin.is/vara/heaven-bordstofubord-90x160cm-keramik-rustik-brunt/,https://husgagnahollin.is/wp-content/uploads/2026/08/H000023376-Heaven-bordstofubord-90x160cm-keramik-rustik-brunt-8.webp,2026-10-05 21:23 UTC
2.0,Borð THORVALD DINING SC113 L160,182000,1,182000,160 cm,Epal,"industrial, minimal","metal frame, dark top","The table lacks the warm wood tone and mid-century design; it has metal legs and a dark top, diverging from the Scandinavian aesthetic.",https://www.epal.is/products/bord-thorvald-dining-sc113-l160,https://cdn.shopify.com/s/files/1/0817/4167/6800/files/6c8575d6-f7ec-4595-89c0-96d8e7392735.jpg?v=1783976292,2026-10-05 21:23 UTC
2.0,"Borð AH902 98,5x100 tekk",189000,1,189000,size?,Epal,modern minimalist,teak or similar,"The table has a slatted top and straight legs, which contrasts with the mid-century style and lacks the refined, rounded elements and tapered legs.",https://www.epal.is/products/bord-ah902-98-5x100-tekk,https://cdn.shopify.com/s/files/1/0817/4167/6800/files/047bc0d1-b003-4f90-98d4-98012d6626b1.jpg?v=1771274599,2026-10-05 21:23 UTC
2.0,IRWINE borðstofuborð 90x168/210 cm grátt ceramic,199990,1,199990,168/200/220 cm,JYSK,"industrial, modern","metal base, ceramic top","The candidate table has a dark ceramic top and metal base, which contrasts with the warm wood, mid-century Scandinavian style of the reference images.",https://jysk.is/stok-vara/IRWINE-bordstofubord-90x168-210-cm-gratt-ceramic/?PathId=68136a40-8cc3-4036-8232-832bbcbd4a46,https://jysk.is/library/Images/products/P011648.Jpg?proc=366x366,2026-10-08 06:47 UTC
2.0,Kare Possibilita borðstofuborð 180x120cm svart,369990,1,369990,180 cm,Húsgagnahöllin,"modern, minimalist","black base, dark stone top","The table has a modern and minimalist style with a black stone top and pedestal base, which does not match the warm wood and mid-century Scandinavian aesthetic.",https://husgagnahollin.is/vara/kare-possibilita-bordstofubord-180x120cm-svart/,https://husgagnahollin.is/wp-content/uploads/2024/03/Kare-Possibilita-bordstofubord-180x120cm-svart-85735.jpg,2026-10-05 21:23 UTC
2.0,Hudson borðstofuborð svart/grátt keramik,389990,1,389990,size?,Húsgagnahöllin,"modern, industrial","ceramic top, metal legs","The table has a ceramic top and metal legs, lacking the warmth and wood tones of the target aesthetic.",https://husgagnahollin.is/vara/hudson-bordstofubord-200300x100cm-gratt-keramik/,https://husgagnahollin.is/wp-content/uploads/2026/05/51508574843-Hudson-bordstofubord-200300x100cm-gratt-keramik.webp,2026-10-05 21:23 UTC
1.0,IKEA EKEDALEN borð,15000,1,15000,120/180 cm,Bland (notað),"modern, minimalist",painted wood,"The table has a painted surface and lacks the warm wood tones, edge profiles, and tapered legs typical of the mid-century Scandinavian aesthetic.",https://bland.is/til-solu/heimilid/stofa/ikea-ekedalen-bord/5292736/,https://img.bland.is/album/img/377110/m/20261005103549_0.jpg,2026-10-05 21:23 UTC
1.0,Borð,25000,1,25000,size?,Bland (notað),"industrial, modern",metal frame,"The table is metal with wire legs, contrasting with the warm wooden mid-century Scandinavian style sought after.",https://bland.is/til-solu/heimilid/eldhus-og-badherbergi/bord/5291823/,https://img.bland.is/album/img/269884/m/20261002113505_0.jpg,2026-10-05 21:23 UTC
1.0,Eldhúsborð með snúningsdisk til sölu,100000,1,100000,size?,Bland (notað),modern industrial,glass and metal,"The table is made of glass and metal with a high gloss finish, which is opposite to the warm wood and matte/oiled finish of the target style.",https://bland.is/til-solu/heimilid/stofa/eldhusbord-med-snuningsdisk-til-solu/5291579/,https://img.bland.is/album/img/103442/m/20261001153205_0.jpg,2026-10-05 21:23 UTC
1.0,Borð BALCONY L144x76 H74 Iron Red,112000,1,112000,144 cm,Epal,"industrial, minimalist",metal,"The table features a metal construction, lacks tapered wooden legs, and does not have a warm wood finish or mid-century design elements.",https://www.epal.is/products/bord-balcony-l144x76-h74-iron-red,https://cdn.shopify.com/s/files/1/0817/4167/6800/files/5e196a1f-9965-4dfb-a350-c4caf229ec15.jpg?v=1771286991,2026-10-05 21:23 UTC
1.0,KRAGELUND borðstofuborð 120/180x90 cm svart matt ceramic,199990,1,199990,120/180/200/220 cm,JYSK,"modern, industrial",black matte ceramic,"The table is made of black matte ceramic with a metal base, which is opposite to the warm wood and mid-century Scandinavian style with wooden legs of the target look.",https://jysk.is/stok-vara/KRAGELUND-bordstofubord-120-180x90-cm-svart-matt-ceramic/?PathId=68136a40-8cc3-4036-8232-832bbcbd4a46,https://jysk.is/library/Images/products/P012338.Jpg?proc=366x366,2026-10-08 06:47 UTC
1.0,IRWINE borðstofuborð 90x168/210 cm svart ceramic,199990,1,199990,168/200/220 cm,JYSK,"modern, industrial","ceramic, metal","The materials and design, featuring metal and ceramic with a stark, angular base, do not align with the warm wood, mid-century Scandinavian aesthetic desired.",https://jysk.is/stok-vara/IRWINE-bordstofubord-90x168-210-cm-svart-ceramic/?PathId=68136a40-8cc3-4036-8232-832bbcbd4a46,https://jysk.is/library/Images/products/P009011.Jpg?proc=366x366,2026-10-08 06:47 UTC
0.0,Borð,25000,1,25000,size?,Bland (notað),"modern, industrial","metal legs, composite top","The table features metal legs and a composite top, which are opposite to the warm wood, mid-century Scandinavian aesthetic desired.",https://bland.is/til-solu/heimilid/stofa/bord/5291821/,https://img.bland.is/album/img/269884/m/20261002113353_0.jpg,2026-10-06 14:30 UTC
0.0,Rafmagns borð nýtt,55000,1,55000,size?,Bland (notað),modern minimalistic,laminate or painted surface,"The surface material and color, along with the metal base, do not match the mid-century warm wood aesthetic or design features of the references.",https://bland.is/til-solu/heimilid/stofa/rafmagns-bord-nytt/5290544/,https://img.bland.is/album/img/308630/m/20260927165237_0.jpg,2026-10-05 21:23 UTC
0.0,KRAGELUND borðstofuborð 160/240x90 cm svart matt ceramic,249990,1,249990,160/200/220/240 cm,JYSK,"modern, angular",black matte ceramic,"It doesn't match because it uses black matte ceramic and has an angular design with a metal base, contrasting the warm wood and mid-century style of the reference images.",https://jysk.is/stok-vara/KRAGELUND-bordstofubord-160-240x90-cm-svart-matt-ceramic/?PathId=68136a40-8cc3-4036-8232-832bbcbd4a46,https://jysk.is/library/Images/products/P012339.Jpg?proc=366x366,2026-10-08 06:47 UTC
